{
  "val_roc_auc": 0.8233188664134955,
  "val_accuracy": 0.7877927608232789,
  "val_f1": 0.5609397944199707,
  "n_features": 27,
  "cv_roc_auc_mean": 0.8257061481647906,
  "cv_roc_auc_std": 0.010657386899152578
}